0,1
0.0,443.98032
0.0,506.53195
0.0,0.0
0.0,0.0
0.0,691.3784
0.0,144.45988
0.0,182.1665
0.0,0.0
590.6692,0.0
484.9393,0.0
291.54346,0.0
0.0,0.0
0.0,578.4232
0.0,359.31335
0.0,259.49158
0.0,166.7905
0.0,326.10196
74.28434,180.6406
224.95326,126.58018
275.84604,0.0
380.1072,0.0
386.9541,0.0
320.56128,0.0
259.08633,0.0
0.0,0.0
0.0,80.08324
0.0,443.99774
0.0,281.66052
0.0,303.64252
0.0,326.141
0.0,335.21713
0.0,327.10242
0.0,308.51743
0.0,277.57242
0.0,247.16515
0.0,213.73615
0.0,186.02039
0.0,155.00034
55.521202,0.0
268.45563,0.0
278.46066,72.5192
303.1674,9.165629
300.3989,35.20662
240.85965,40.04673
282.34766,14.798972
286.90482,0.0
401.09583,12.480482
210.96114,47.148018
185.00862,56.75687
241.53606,56.50744
249.87193,67.8775
245.43796,76.37319
237.61462,91.53287
233.02109,95.59033
229.2071,95.554405
223.51152,95.90708
217.74423,95.0968
210.58516,105.85052
202.60428,110.97879
197.44208,123.13616
192.22202,131.0985
185.95486,132.4403
175.58932,139.81822
180.33725,143.74927
163.95236,161.30006
157.7511,158.73834
71.85972,220.60765
81.89706,234.33084
84.06448,238.89536
85.6989,238.92862
82.579666,241.42719
79.88546,242.17477
80.95938,238.42906
91.221634,230.48633
101.64845,219.98625
119.918686,208.49426
147.37967,180.6388
204.89386,123.81517
241.48431,80.53306
321.87534,37.86152
343.24713,9.547069
332.03128,0.0
320.74442,0.0
315.8021,0.0
313.67303,0.0
320.23145,0.0
323.4458,0.0
324.28842,0.0
324.45047,0.0
321.2541,0.0
315.9317,0.0
307.1417,0.0
287.4716,0.0
233.36633,75.69407
98.07034,218.26424
0.0,370.0537
0.0,331.8765
0.0,273.78638
0.0,247.81438
0.0,219.34064
253.80579,87.048096
353.78598,0.0
370.52765,0.0
345.51685,0.0
302.04993,0.0
186.3757,349.9267
20.220135,289.0265
0.0,317.93768
0.0,323.02856
0.0,259.83063
11.768105,319.6507
18.103035,309.22784
21.68875,291.3978
34.183754,283.71194
54.812603,263.53516
63.398422,322.2701
73.71623,287.79193
88.54592,231.58057
101.39512,217.86688
113.047585,200.85324
224.5773,158.55914
236.93668,88.61167
238.41995,59.23019
282.66098,34.591164
408.19266,24.706047
291.7668,30.174467
276.94202,37.69915
265.50427,48.427887
339.344,59.65454
233.96289,75.79115
218.35464,99.99182
192.94872,133.28886
146.79437,199.7096
112.49107,221.22282
106.36128,213.76236
124.443054,196.37314
152.04712,163.72748
171.7835,134.76622
115.733246,137.05603
135.81633,129.53435
121.64283,167.46088
91.513626,217.98029
65.55288,254.69666
31.071207,309.81018
32.4308,285.8107
32.30189,273.75534
31.59591,295.08466
32.57187,286.7689
36.055977,283.29495
37.35682,278.05728
40.945236,272.64993
43.588997,283.0705
47.286407,348.74487
50.990086,331.90295
65.15716,242.0546
75.59954,243.62463
85.275856,235.16562
91.84001,224.20433
105.226074,207.116
297.3865,110.44318
231.64761,117.31099
263.13403,71.64252
285.96732,23.815382
298.49323,12.727918
296.91904,16.378538
292.7809,18.01395
288.77533,24.860117
284.38928,32.44441
280.53198,35.055046
276.00195,40.08265
272.3356,45.168545
269.04706,47.00269
262.38235,56.62846
256.11914,63.677902
250.20349,73.10876
242.01373,78.73047
232.9361,88.32922
221.1949,96.49082
205.70988,114.30562
154.9791,201.77568
101.783134,289.52536
85.60227,234.69952
65.17502,246.71352
53.276604,267.04004
50.909466,277.00085
48.553032,281.51956
43.073357,283.02557
40.39111,282.12225
39.33625,278.96375
40.136414,274.7863
43.623257,268.61755
45.108665,262.02444
49.490105,255.8257
53.655773,257.50305
58.672012,253.29584
64.197395,247.94508
68.367615,246.43588
73.113525,241.1597
76.290184,233.3139
84.230125,221.92221
93.22683,220.64255
202.80008,191.59067
225.33258,116.26846
525.2836,0.0
301.0221,0.0
303.80865,0.0
308.95212,0.0
309.14975,0.0
309.78967,0.0
310.53604,0.0
311.01236,0.0
309.79462,0.0
307.78635,13.510747
262.04144,40.89867
264.22427,45.45505
273.47278,40.61727
273.39505,44.054966
284.89032,43.726124
311.54843,38.711803
310.9341,23.215975
298.85934,12.594773
235.96179,128.4545
160.98749,159.48367
51.56942,244.48059
0.0,292.53595
0.0,298.08514
0.0,304.9115
0.0,374.88696
0.0,312.16254
0.0,311.3164
0.0,312.90063
0.0,313.24023
0.0,312.5525
0.0,315.01544
0.0,313.94122
0.0,311.54443
119.8531,183.38176
47.596924,262.36072
56.61971,258.99442
68.11509,247.91843
79.14144,236.62112
225.48714,162.91728
167.8076,194.09398
197.75237,149.76599
225.02792,75.69224
268.6034,26.958689
294.74316,17.436203
293.365,18.59191
367.27206,18.411562
276.0921,39.80429
254.30536,61.27937
233.51051,83.448586
203.95622,114.17298
168.94104,158.88086
112.34783,226.68219
42.9048,300.79022
40.456135,299.0137
88.061455,209.38582
204.87631,91.89945
224.97418,45.987247
228.21936,58.66282
224.85428,79.34002
199.28665,101.65117
162.44781,147.08069
14.8804035,743.9286
14.488792,301.94086
30.589142,283.49573
35.05626,286.77582
37.31596,288.50192
41.531986,284.53998
45.855885,281.5634
48.54157,277.80408
52.012276,275.64114
55.97089,273.70267
59.913635,272.0173
65.38366,249.38185
70.588326,242.54251
69.59232,258.4317
65.27273,273.7838
59.06527,278.85004
132.15659,251.44235
140.9663,181.70059
206.219,71.53174
268.22842,0.0
215.76999,0.0
312.19427,0.0
268.0067,0.0
311.88068,0.0
313.51105,0.0
313.97165,0.0
314.26718,0.0
313.40436,0.0
312.2091,0.0
310.4636,0.0
307.71042,0.0
252.06033,68.62707
253.5386,60.438026
228.61867,112.238815
208.54297,121.20935
184.50592,141.24503
187.0088,163.1625
177.56844,158.08684
145.30992,178.92355
94.35671,221.55414
43.61156,260.05396
15.59111,287.23538
0.0,297.66605
40.1512,290.34586
18.295298,285.33987
26.547733,347.8397
25.945377,307.9182
35.821835,278.43875
44.95383,279.35992
41.750233,275.1108
41.470875,277.28128
47.805847,273.5778
51.05916,269.06464
55.96168,260.84235
62.099136,245.45343
70.36352,254.77596
87.53582,252.65257
160.61911,166.37645
268.7869,64.33433
324.9134,0.0
349.94647,0.0
361.5855,0.0
351.07587,0.0
317.1581,0.0
274.42746,0.0
232.55789,0.0
197.3631,0.0
105.515686,439.9552
97.04491,221.46576
85.85518,256.9256
97.71602,227.55559
139.3272,187.14073
213.29471,130.49245
276.4115,73.888306
297.67062,46.56741
306.88947,34.42894
306.1188,35.210304
277.87518,55.715286
223.25867,96.73047
128.5889,139.78029
0.0,284.07855
0.0,271.74988
0.0,286.00174
0.0,290.9469
0.0,315.16937
0.0,312.67133
0.0,315.23068
0.0,318.27414
0.0,321.83234
0.0,322.6414
0.0,303.95346
0.0,315.0875
0.0,334.16803
0.0,328.65836
0.0,322.08588
0.0,272.69125
0.0,277.87906
267.75958,48.227364
408.5514,6.833573
338.71973,20.860136
294.61743,27.526262
321.50873,30.911654
264.51752,39.502697
248.25194,48.984356
214.75058,63.020073
260.8186,77.67821
220.0216,103.472015
158.92911,174.03445
141.10767,173.21664
120.18587,202.96019
119.7608,199.12807
154.59601,181.6701
167.3842,148.58614
183.95406,125.82867
177.45615,116.78151
199.58255,125.51588
197.41199,135.82417
130.393,151.49332
119.947716,204.67392
73.65068,248.4507
41.91219,280.27988
48.55224,280.8916
46.845924,277.61273
48.15093,274.78513
53.340775,176.28831
53.935112,187.5268
55.35855,203.5097
55.634476,201.28192
56.99405,341.45453
60.801323,345.77222
78.925446,229.7891
97.85362,220.56656
111.63286,202.63869
207.41133,151.31276
225.85931,102.63745
255.79547,69.046455
273.91904,43.056656
293.41132,28.400028
221.15631,25.488102
255.21939,26.684242
297.0985,26.382832
286.93536,27.975685
279.61118,35.96384
325.96167,38.146255
264.58963,49.94013
261.0902,59.81611
254.8074,67.74573
247.557,74.94323
239.12155,82.16546
230.60574,90.61161
221.31378,99.29016
211.19633,110.61937
199.17195,120.270935
133.9855,261.94904
144.8364,179.66245
124.64458,194.34396
109.53558,208.81305
93.4052,224.8362
77.200645,241.5051
59.974697,259.4198
47.75544,273.75964
45.25581,279.37982
45.3382,279.1236
45.150963,277.92102
45.371365,275.6928
51.728874,205.39362
50.91474,206.36356
46.773464,368.6419
53.815765,198.74924
64.915535,246.75244
72.01793,244.13339
78.22387,238.31421
85.21068,225.91681
98.708954,212.74089
198.57306,156.64899
217.69508,107.824455
241.22565,96.912125
238.97766,49.342117
301.40674,12.436592
313.06717,0.7612464
314.02353,7.196625
308.91168,11.52183
303.48096,12.887205
298.99854,16.81547
294.9539,20.97376
290.1439,23.150482
285.0095,31.6877
279.52197,37.967007
274.20865,44.62427
267.71478,51.937115
260.31073,61.96856
251.92337,68.403366
242.72467,79.38141
230.96051,87.90986
218.00793,100.0234
202.15364,116.61958
177.37456,140.33977
86.70609,227.33913
59.939262,255.37798
42.053368,266.84387
40.69476,282.3231
41.55772,288.1208
40.275745,289.84784
38.08246,288.0343
36.774166,285.15607
35.563187,282.55255
37.3468,279.15527
40.50633,271.4242
44.224476,267.48718
50.14742,263.39532
54.23955,258.2366
59.69907,255.15205
64.795525,249.24704
67.09435,245.93124
73.19054,240.62552
79.5434,232.49937
86.10715,231.28671
168.44443,226.35616
171.2651,178.14047
228.15161,85.531746
277.9297,0.0
299.2302,0.0
310.60138,0.0
311.12506,0.0
311.18954,0.0
309.9212,0.0
309.54816,0.0
309.7008,0.0
166.43988,404.02322
253.87152,58.621807
256.32562,54.870785
253.43161,58.694107
251.10767,68.40365
244.32076,77.07043
234.6269,85.132095
177.99489,196.4807
